GL Code,Category,Combined Allowed,Description,Height Limit (ft),Max Stories,Notes,Prohibited With,Residential Only,Subcategory
10010,,No,Air Conditioning Equipment--Dealers or Distributors Only,,,,,No,
10015,,No,Amusement Centers,,,,,No,
10020,,No,Amusement Parks,,,,,No,
10026,,No,Antique Stores,,,,,No,
10036,,No,Anhydrous Ammonia Dealers and Distributors,,,,,No,
10040,,No,Appliance Distributors--Household Type,,,,,No,
10042,,No,Appliance Stores--Household Type,,,,,No,
10052,,No,Archery Ranges--Indoor,,,,,No,
10054,,No,Archery Ranges--Other Than Indoor,,,,,No,
10060,,No,Army and Navy Stores,,,,,No,
10065,,No,Art Galleries--Other Than Not-For-Profit,,,,,No,
10066,,No,Art Galleries--Not-For-Profit Only,,,,,No,
10070,,No,Automobile Parts and Supplies Distributors,,,,,No,
10071,,No,Automobile Parts and Supplies Stores,,,,,No,
10072,,No,Automobile Quick Lubrication Services,,,,,No,
10073,,No,Automobile Repair or Service Shops,,,,,No,
10075,,No,Automobile Repair Shops--Self-Service,,,,,No,
10100,,No,Bakeries,,,,,No,
10101,,No,Boat Dealers,,,,,No,
10105,,No,Boat Storage and Moorage,,,,,No,
10107,,No,Boat Yards or Marinas--Public,,,,,No,
10110,,No,Boats--Canoes or Rowboats--for Rent--Not Equipped with Motors,,,,,No,
10111,,No,Barber or Beauty Shop Supplies Distributors,,,,,No,
10113,,No,Barber Shops,,,,,No,
10115,,No,Beauty Parlors and Hair Styling Salons,,,,,No,
10117,,No,Boats--Motor or Sail--Rented to Others,,,,,No,
10119,,No,Boats--Rented to Others NOC,,,,,No,
10120,,No,Bathhouses or Bathing Pavilions,,,,,No,
10130,,No,Bazaars--Operated by the Insured--Other Than Not-For-Profit,,,,,No,
10132,,No,Bazaars--Operated by the Insured--Not-For-Profit Only,,,,,No,
10133,,No,Beach Chairs and Umbrellas--Rented to Others,,,,,No,
10135,,No,Beaches--Bathing--Commercially Operated,,,,,No,
10140,,No,Beverage Distributors--Alcoholic Other Than Beer,,,,,No,
10141,,No,Beverage Distributors--Nonalcoholic and Beer,,,,,No,
10145,,No,Beverage Stores--Liquor and Wine,,,,,No,
10146,,No,Beverage Stores--Soft Drinks and Beer,,,,,No,
10150,,No,Bicycle Stores--Sales and Servicing,,,,,No,
10151,,No,Bicycles--Rented to Others,,,,,No,
10160,,No,Billiard or Pool Halls,,,,,No,
10204,,No,Books and Magazines Stores--Other Than Not-For-Profit,,,,,No,
10205,,No,Books and Magazines Stores--Not-For-Profit Only,,,,,No,
10220,,No,Bowling Lanes,,,,,No,
10255,,No,Building Material Dealers--Other Than Secondhand Material,,,,,No,
10256,,No,Building Material Dealers--Secondhand Material,,,,,No,
10257,,No,Building Material Distributors,,,,,No,
10309,,No,Camera and Photographic Equipment Stores,,,,,No,
10315,,No,Camper or Travel Trailer Sales Agencies,,,,,No,
10331,,No,Campgrounds--Other Than Not-For-Profit,,,,,No,
10332,,No,Campgrounds--Not-For-Profit Only,,,,,No,
10352,,No,Candy or Confectionery Stores,,,,,No,
10367,,No,Car Washes--Other Than Self-Service,,,,,No,
10368,,No,Car Washes--Self-Service,,,,,No,
10375,,No,Carnival or Circus Companies,,,,,No,
10378,,No,Carnivals--Outside (Sponsor's Risk Only) Other Than Not-For-Profit,,,,,No,
10379,,No,Carnivals--Outside (Sponsor's Risk Only) Not-For-Profit Only,,,,,No,
10380,,No,Carnivals or Circuses--in Tents (Sponsor's Risk Only) Other Than Not-For-Profit,,,,,No,
10381,,No,Carnivals or Circuses--in Tents (Sponsor's Risk Only) Not-For-Profit Only,,,,,No,
11007,,No,"Carpet, Rug or Upholstery Cleaning--Shop Only",,,,,No,
11020,,No,Catalog or Premium Coupon Redemption Stores,,,,,No,
11039,,No,Caterers,,,,,No,
11052,,No,Chairs--Rented to Others,,,,,No,
11101,,No,Chemical Distributors,,,,,No,
11120,,No,Children's Playcenter--Indoor,,,,,No,
11126,,No,Clothing or Wearing Apparel Distributors,,,,,No,
11127,,No,Clothing or Wearing Apparel Stores--Other Than Not-For-Profit,,,,,No,
11128,,No,Clothing or Wearing Apparel Stores--Not-For-Profit Only,,,,,No,
11138,,No,Clubs--Country or Golf,,,,,No,
11155,,No,Collectibles and Memorabilia Stores,,,,,No,
11160,,No,Computer Stores,,,,,No,
11167,,No,"Concessionaires--Checkroom, Shoeshine or Toilet Concessions in Hotels, Restaurants, Railroad Stations, etc.",,,,,No,
11168,,No,Concessionaires,,,,,No,
11201,,No,"Contractors Equipment--Cranes, Derricks, Power Shovels and Equipment Incidental Thereto--Rented to Others with Operators",,,,,No,
11202,,No,"Contractors Equipment--Cranes, Derricks, Power Shovels and Equipment Incidental Thereto--Rented to Others without Operators",,,,,No,
11203,,No,"Contractors Equipment Dealers--Ladders, Excluding Hoists, Scaffolds or Towers",,,,,No,
11204,,No,"Contractors Equipment Dealers--Ladders, Hoists, Scaffolds or Towers",,,,,No,
11205,,No,"Contractors Equipment--Earth Moving Equipment Other Than Cranes, Derricks and Power Shovels--Rented to Others with Operators",,,,,No,
11206,,No,"Contractors Equipment--Earth Moving Equipment Other Than Cranes, Derricks and Power Shovels--Rented to Others without Operators",,,,,No,
11207,,No,Contractors Equipment--Excluding Automobiles--Rented to Others with Operators,,,,,No,
11208,,No,Contractors Equipment--Excluding Automobiles--Rented to Others without Operators,,,,,No,
11209,,No,Contractors Equipment--Hod or Material Platform Hoists and Equipment Incidental Thereto--Rented to Others with Operators,,,,,No,
11210,,No,Contractors Equipment--Hod or Material Platform Hoists and Equipment Incidental Thereto--Rented to Others without Operators,,,,,No,
11211,,No,"Contractors Equipment--Ladders, Scaffolds, Scaffolding, Sidewalk Bridges, Towers and Equipment Incidental Thereto--Rented to Others",,,,,No,
11212,,No,"Contractors Equipment--Scaffolds, Sidewalk Bridges, Hod or Material Hoists, Towers--Rented to Others--Installation, Repair or Removal Operations Only",,,,,No,
11213,,No,"Contractors Equipment--Steam Boilers, Compressors, Air Pressure Tanks, Pneumatic Tools and Equipment Incidental Thereto--Rented to Others with Operators",,,,,No,
11214,,No,"Contractors Equipment--Steam Boilers, Compressors, Air Pressure Tanks, Pneumatic Tools and Equipment Incidental Thereto--Rented to Others without Operators",,,,,No,
11222,,No,Copying and Duplicating Services--Retail,,,,,No,
11234,,No,"Cosmetic, Hair or Skin Preparation Stores",,,,,No,
11248,,No,Cotton or Wool Merchants,,,,,No,
11258,,No,Dairy Products or Butter and Egg Stores--Other Than Not-For-Profit,,,,,No,
11259,,No,Dairy Products or Butter and Egg Stores--Not-For-Profit Only,,,,,No,
11273,,No,"Dance Halls, Ballrooms or Discotheques--Other Than Not-For-Profit",,,,,No,
11274,,No,"Dance Halls, Ballrooms or Discotheques--Not-For-Profit Only",,,,,No,
11288,,No,Delicatessens,,,,,No,
12014,,No,Dental Laboratories,,,,,No,
12356,,No,Department or Discount Stores,,,,,No,
12361,,No,Distributors--Food or Drink,,,,,No,
12362,,No,Distributors--No Food or Drink,,,,,No,
12373,,No,Drug Distributors,,,,,No,
12374,,No,Drugstores--No Table or Counter Service for Beverage or Food,,,,,No,
12375,,No,Drugstores,,,,,No,
12391,,No,Electrical Equipment Distributors,,,,,No,
12393,,No,Electronics Store,,,,,No,
12467,,No,"Equipment, Fixtures or Supplies--for Bars, Hotels, Offices, Restaurants or Stores--Distributors",,,,,No,
12509,,No,Fabric Distributors,,,,,No,
12510,,No,Fabric Stores,,,,,No,
12583,,No,"Feed, Grain or Hay Dealers",,,,,No,
12651,,No,Fence Dealers,,,,,No,
12683,,No,Fertilizer Dealers and Distributors,,,,,No,
12707,,No,Fire Protection Equipment Dealers and Distributors,,,,,No,
12797,,No,Floor Covering Distributors,,,,,No,
12805,,No,Floor Covering Stores,,,,,No,
12841,,No,Florists,,,,,No,
12927,,No,Formal Wear or Costumes--Rented to Others,,,,,No,
13049,,No,Frozen Food--Distributors,,,,,No,
13111,,No,Fruit or Vegetable Dealers,,,,,No,
13112,,No,Fruit or Vegetable Distributors,,,,,No,
13201,,No,Fuel Dealers or Distributors--Coal or Wood,,,,,No,
13204,,No,Fuel Oil or Kerosene Dealers,,,,,No,
13205,,No,Fuel Oil or Kerosene Distributors,,,,,No,
13314,,No,Fur--Garments and Pelts--Distributors,,,,,No,
13351,,No,Furniture Stores--Other Than Not-For-Profit,,,,,No,
13352,,No,Furniture Stores--Not-For-Profit Only,,,,,No,
13410,,No,Gas Dealers--LPG,,,,,No,
13411,,No,Gas Dealers or Distributors,,,,,No,
13412,,No,Gas Distributors--LPG,,,,,No,
13453,,No,Gasoline Stations--Full Service,,,,,No,
13454,,No,Gasoline Stations--Self-Service,,,,,No,
13455,,No,Gasoline Stations--Self and Full Service Combined,,,,,No,
13506,,No,Gift Shops--Other Than Not-For-Profit,,,,,No,
13507,,No,Gift Shops--Not-For-Profit Only,,,,,No,
13590,,No,Glass Dealers and Glaziers,,,,,No,
13621,,No,Grain Milling,,,,,No,
13670,,No,Grocery Distributors,,,,,No,
13673,,No,Grocery Stores,,,,,No,
13715,,No,Hardware and Tool Distributors,,,,,No,
13716,,No,Hardware Stores,,,,,No,
13720,,No,Health or Natural Food Stores,,,,,No,
13759,,No,Hearing Aid Stores,,,,,No,
13930,,No,Heating or Combined Heating and Air Conditioning Equipment--Dealers or Distributors Only,,,,,No,
14068,,No,Hide Dealers and Distributors--Raw,,,,,No,
14101,,No,"Hobby, Craft or Artists' Supply Stores",,,,,No,
14279,,No,Home Improvement Stores,,,,,No,
14401,,No,Ice Cream Stores,,,,,No,
14405,,No,Ice Dealers and Distributors,,,,,No,
14527,,No,Janitorial Supplies--Dealers or Distributors,,,,,No,
14655,,No,Jewelry Stores or Distributors,,,,,No,
14731,,No,Laundries and Dry Cleaners--Self-Service,,,,,No,
14732,,No,Laundry and Dry Cleaning or Dyeing Receiving Stations,,,,,No,
14733,,No,Laundry and Dry Cleaning Stores,,,,,No,
14734,,No,Laundry Rental Service,,,,,No,
14855,,No,Livestock Dealers or Commission Merchants,,,,,No,
14913,,No,Locksmiths,,,,,No,
15060,,No,Machinery or Equipment Dealers--Construction or Industrial--Mobile Type,,,,,No,
15061,,No,Machinery or Equipment Dealers--Farm Type,,,,,No,
15062,,No,Machinery or Equipment Dealers,,,,,No,
15063,,No,Machinery or Equipment Dealers--Yard or Garden Type,,,,,No,
15070,,No,Mail Box or Packaging Stores,,,,,No,
15119,,No,Markets--Not Open Air (Lessor's Risk Only) Other Than Not-For-Profit,,,,,No,
15120,,No,Markets--Not Open Air (Lessor's Risk Only) Not-For-Profit Only,,,,,No,
15123,,No,Markets--Open Air (Lessor's Risk Only) Other Than Not-For-Profit,,,,,No,
15124,,No,Markets--Open Air (Lessor's Risk Only) Not-For-Profit Only,,,,,No,
15188,,No,Oil or Gas Well Supplies or Equipment Dealers--Secondhand,,,,,No,
15223,,No,"Meat, Fish, Poultry or Seafood--Distributors",,,,,No,
15224,,No,"Meat, Fish, Poultry or Seafood Stores",,,,,No,
15300,,No,"Medical, Hospital and Surgical Equipment and Supplies--Rented to Others",,,,,No,
15314,,No,"Medical, Hospital and Surgical Supply Stores",,,,,No,
15404,,No,Metal Dealers or Distributors--Nonstructural,,,,,No,
15405,,No,Metal Dealers or Distributors--Structural,,,,,No,
15406,,No,Metal Scrap Dealers,,,,,No,
15488,,No,Mobile Home Sales Agencies,,,,,No,
15538,,No,Musical Instrument Stores,,,,,No,
15600,,No,Nail Salons,,,,,No,
15607,,No,Newspaper or Magazine Distributors,,,,,No,
15608,,No,Newsstands,,,,,No,
15656,,No,"Nightclubs, Cabarets and Comedy Clubs",,,,,No,
15699,,No,Nursery--Garden,,,,,No,
15733,,No,Oil Refineries,,,,,No,
15839,,No,Optical Goods Stores,,,,,No,
15991,,No,"Paint, Wallpaper or Wallcovering Stores",,,,,No,
15993,,No,"Painting, Picture or Frame Stores",,,,,No,
16005,,No,Paper Products Distributors,,,,,No,
16009,,No,"Paper, Rag or Rubber Stock Dealers and Distributors--Secondhand",,,,,No,
16402,,No,Pet Grooming,,,,,No,
16403,,No,Pet Stores,,,,,No,
16404,,No,Pet Training,,,,,No,
16471,,No,Photographers,,,,,No,
16501,,No,Plastic or Rubber Supply Goods Distributors,,,,,No,
16527,,No,Plumbing Supplies and Fixtures Dealers and Distributors,,,,,No,
16588,,No,Printers or Electrotypers Supplies--Distributors,,,,,No,
16604,,No,Produce Handling or Packing,,,,,No,
16670,,No,Racquet Sports and Handball Facilities--Commercially Operated,,,,,No,
16676,,No,Music Stores--Pre-Recorded,,,,,No,
16694,,No,Recreational Vehicle Dealers,,,,,No,
16705,,No,Refrigeration Equipment--Dealers and Distributors Only--Commercial,,,,,No,
16722,,No,Rental Stores,,,,,No,
16723,,No,Rental Stores--Machinery or Equipment--Rented to Others on a Long-Term Basis,,,,,No,
16750,,No,Internet Retailers,,,,,No,
16751,,No,Internet Auctions,,,,,No,
16819,,No,Restaurants--Operated by Concessionaires--Other Than Not-For-Profit,,,,,No,
16820,,No,Restaurants--Operated by Concessionaires--Not-For-Profit Only,,,,,No,
16881,,No,Secondhand or Salvage Dealers and Distributors,,,,,No,
16890,,No,"Seed Merchants--Excluding Erroneous Delivery, Error in Mixture and Germination Failure",,,,,No,
16891,,No,"Seed Merchants--Erroneous Delivery, Error in Mixture and Resulting Germination Failure",,,,,No,
16892,,No,"Seed Merchants--Erroneous Delivery, and Error in Mixture (Excluding Germination Failure)",,,,,No,
16900,,No,Restaurants--with No Sale of Alcoholic Beverages--with Table Service,,,,,No,
16901,,No,Restaurants--with No Sale of Alcoholic Beverages--without Table Service with Seating,,,,,No,
16902,,No,Restaurants--with No Sale of Alcoholic Beverages--without Seating,,,,,No,
16910,,No,Restaurants--with Sale of Alcoholic Beverages that are Less Than 30% of the Annual Receipts of the Restaurants--with Table Service,,,,,No,
16911,,No,Restaurants--with Sale of Alcoholic Beverages that are Less Than 30% of the Annual Receipts of the Restaurants--without Table Service with Seating,,,,,No,
16915,,No,Restaurants--with Sale of Alcoholic Beverages that are 30% or More of But Less Than 75% of the Total Annual Receipts of the Restaurants--with Dance Floor,,,,,No,
16916,,No,Restaurants--with Sale of Alcoholic Beverages that are 30% or More of But Less Than 75% of the Total Annual Receipts of the Restaurants--without Dance Floor,,,,,No,
16920,,No,Restaurants--with Sale of Alcoholic Beverages that are 75% or More of Total Annual Receipts of the Restaurants--with Tables--with Dance Floor: Table Service,,,,,No,
16921,,No,Restaurants--with Sale of Alcoholic Beverages that are 75% or More of Total Annual Receipts of the Restaurants--with Tables--with Dance Floor: No Table Service,,,,,No,
16930,,No,Restaurants--with Sale of Alcoholic Beverages that are 75% or More of Total Annual Receipts of the Restaurants--with Tables--without Dance Floor: Table Service,,,,,No,
16931,,No,Restaurants--with Sale of Alcoholic Beverages that are 75% or More of Total Annual Receipts of the Restaurants--with Tables--without Dance Floor: No Table Service,,,,,No,
16940,,No,Restaurants--with Sale of Alcoholic Beverages that are 75% or More of Total Annual Receipts of the Restaurants--Bar Service Only (No Tables): with Dance Floor,,,,,No,
16941,,No,Restaurants--with Sale of Alcoholic Beverages that are 75% or More of Total Annual Receipts of the Restaurants--Bar Service Only (No Tables): without Dance Floor,,,,,No,
18078,,No,Ship Chandler Stores,,,,,No,
18109,,No,Shoe Repair Shops,,,,,No,
18110,,No,Shoe Stores,,,,,No,
18200,,No,Spas or Personal Enhancement Facilities,,,,,No,
18205,,No,Sporting Goods or Athletic Equipment Distributors,,,,,No,
18206,,No,Sporting Goods or Athletic Equipment Stores,,,,,No,
18335,,No,Stationery or Paper Products Stores,,,,,No,
18435,,No,Stores--Food or Drink--Other Than Not-For-Profit,,,,,No,
18436,,No,Stores--Food or Drink--Not-For-Profit Only,,,,,No,
18437,,No,Stores: Retail NOC,,,,,No,
18438,,No,Stores--No Food or Drink--Not-For-Profit Only,,,,,No,
18501,,No,Supermarkets,,,,,No,
18506,,No,Tailor Merchants--Men or Boys,,,,,No,
18507,,No,Tailoring or Dressmaking Establishments--Custom,,,,,No,
18570,,No,Tattoo Parlors,,,,,No,
18575,,No,Telecommunication Equipment Providers,,,,,No,
18616,,No,Tire Dealers,,,,,No,
18707,,No,Tobacco Products Distributors,,,,,No,
18708,,No,Tobacco Products Stores,,,,,No,
18833,,No,Toy Distributors,,,,,No,
18834,,No,Toy Stores,,,,,No,
18911,,No,Variety Stores--Other Than Not-For-Profit,,,,,No,
18912,,No,Variety Stores--Not-For-Profit Only,,,,,No,
18920,,No,Video Stores,,,,,No,
18991,,No,Warehouses--Mini-Warehouses,,,,,No,
19007,,No,"Washing Machines, Dryers or Ironers--Coin Meter Type",,,,,No,
19051,,No,Water Softening Equipment--Rented to Others,,,,,No,
19061,,No,Portable Toilet Rentals,,,,,No,
19795,,No,Trailer Dealers,,,,,No,
19796,,No,Trailer Rental Agencies,,,,,No,
40005,,No,Adult Day Care--Not-For-Profit Only,,,,,No,
40006,,No,Adult Day Care--Other Than Not-For-Profit,,,,,No,
40010,,No,Airports--Commercial,,,,,No,
40015,,No,Airports--Private,,,,,No,
40020,,No,Airport Control Towers--Not Operated Exclusively by the Federal Aviation Administration,,,,,No,
40026,,No,"Airport--Lessees of Portions of Airports Engaged in the Sale of Aircraft or Accessories, Servicing or Repairing of Aircraft or Pilot Instructions",,,,,No,
40031,,No,"Ambulance Service, First Aid or Rescue Squads--Other Than Not-For-Profit",,,,,No,
40032,,No,"Ambulance Service, First Aid or Rescue Squads--Not-For-Profit Only",,,,,No,
40040,,No,Amusement Devices,,,,,No,
40041,,No,Amusement Devices--Operated in Connection with Carnivals or Fairs--Other Than Not-For-Profit,,,,,No,
40042,,No,Amusement Devices--Operated in Connection with Carnivals or Fairs--Not-For-Profit Only,,,,,No,
40045,,No,Animals--Draft,,,,,No,
40046,,No,Animals--Saddle--for Rent,,,,,No,
40047,,No,Animals--Saddle--Private,,,,,No,
40059,,No,Athletic Games Sponsored by the Insured--Other Than Not-For-Profit,,,,,No,
40061,,No,Athletic Games Sponsored by the Insured--Not-For-Profit Only,,,,,No,
40063,,No,Athletic or Sports Contests--in Buildings--Lessees--Other Than Not-For-Profit,,,,,No,
40064,,No,Athletic or Sports Contests--in Buildings--Lessees--Not-For-Profit Only,,,,,No,
40066,,No,Athletic Programs--Amateur--Other Than Not-For-Profit,,,,,No,
40067,,No,Athletic Programs--Amateur--Not-For-Profit Only,,,,,No,
40069,,No,Athletic Teams--Professional or Semi-Professional,,,,,No,
40072,,No,Beaches--Bathing--Not Commercially Operated,,,,,No,
40075,,No,Bingo Games--in Public Halls or Theaters--Commercially Operated,,,,,No,
40101,,No,Blood Banks--Other Than Not-For-Profit,,,,,No,
40102,,No,Blood Banks--Not-For-Profit Only,,,,,No,
40111,,No,Boats--Canoes or Rowboats--Not for Rent--Not Equipped with Motors,,,,,No,
40115,,No,Boats--Motor or Sail--Not for Rent,,,,,No,
40117,,No,Boats--Not for Rent,,,,,No,
40140,,No,Boats--Nonowned over 26 Feet,,,,,No,
41001,,No,Boy or Girl Scout Councils,,,,,No,
41210,,No,Bus Stations or Terminals,,,,,No,
41421,,No,Camps--For-Profit,,,,,No,
41422,,No,Camps--Not-For-Profit,,,,,No,
41510,,No,Caves--Tourist Attraction,,,,,No,
41603,,No,Cemeteries--Other Than Not-For-Profit,,,,,No,
41604,,No,Cemeteries--Not-For-Profit Only,,,,,No,
41650,,No,Churches or Other Houses of Worship,,,,,No,
41664,,No,Clubs--Horseback Riding--No Commercial Riding Instructions,,,,,No,
41665,,No,Clubs--Racket Sports and Handball,,,,,No,
41666,,No,Clubs--Swimming,,,,,No,
41667,,No,"Clubs--Civic, Service or Social--Having Buildings or Premises Owned or Leased--Other Than Not-For-Profit",,,,,No,
41668,,No,"Clubs--Civic, Service or Social--Having Buildings or Premises Owned or Leased--Not-For-Profit Only",,,,,No,
41670,,No,"Clubs--Civic, Service or Social--No Buildings or Premises Owned or Leased Except for Office Purposes--Not-For-Profit Only",,,,,No,
41672,,No,Conventions (Sponsor's Risk Only)--Other Than Not-For-Profit,,,,,No,
41673,,No,Conventions (Sponsor's Risk Only)--Not-For-Profit Only,,,,,No,
41675,,No,Computer Consulting or Programming,,,,,No,
41677,,No,Consultants,,,,,No,
41678,,No,Community Recreational Facilities--Not Operated by Governmental Agency,,,,,No,
41679,,No,Cotton Gin Operations--Other Than Those Performed for a Fee Per Bale,,,,,No,
41680,,No,Convents or Monasteries,,,,,No,
41696,,No,Crematories--Other Than Not-For-Profit,,,,,No,
41697,,No,Crematories--Not-For-Profit Only,,,,,No,
41700,,No,"Dam, Levee or Dike--Existence Hazard Only",,,,,No,
41715,,No,Day Care Centers--Other Than Not-For-Profit,,,,,No,
41716,,No,Camps--Not-For-Profit Only,,,,,No,
43007,,No,Drawbridges--Existence Hazard Only,,,,,No,
43117,,No,Dude Ranches,,,,,No,
43151,,No,Computer Data Processing--Operations,,,,,No,
43152,,No,Computer Data Processing--Time Sharing,,,,,No,
43200,,No,Employment Agencies,,,,,No,
43215,,No,Entertainment Performed on Others' Premises,,,,,No,
43421,,No,Exhibitions--Outside--In Stadiums or on Premises Having Grandstands or Bleachers Not Erected by or for Insured--Ushers or Other Attendants in Stands Not Provided by Insured,,,,,No,
43422,,No,Exhibitions--Outside--In Stadiums or on Premises Having Grandstands or Bleachers Not Erected by or for the Insured--Ushers or Other Attendants in Stands Provided by the Insured,,,,,No,
43424,,No,Exhibitions--Outside--No Stadiums or Grandstands,,,,,No,
43470,,No,Pest Control Services,,,,,No,
43517,,No,Fair Grounds--Nonoperating Season,,,,,No,
43518,,No,Fairs--Outside (Operator's Risk Only),,,,,No,
43550,,No,Fire Departments--Other Than Volunteer,,,,,No,
43551,,No,Fire Departments--Volunteer,,,,,No,
43626,,No,Fireworks Exhibitions--Contractor's Risk Only,,,,,No,
43628,,No,Fireworks Exhibitions--Sponsor's Risk Only--Other Than Not-For-Profit,,,,,No,
43629,,No,Fireworks Exhibitions--Sponsor's Risk Only--Not-For-Profit Only,,,,,No,
43754,,No,Fishing Piers,,,,,No,
43760,,No,Fishing Ponds or Lakes--Commercially Operated,,,,,No,
43822,,No,Forestry Service,,,,,No,
43840,,No,Fruit or Vegetable--Harvesting Contractors,,,,,No,
43860,,No,Fumigating,,,,,No,
43889,,No,Funeral Homes or Chapels,,,,,No,
43945,,No,Garbage or Refuse Dumps,,,,,No,
43946,,No,"Garbage Works--Separation for Recycling, Reduction or Incineration",,,,,No,
43990,,No,Gambling--Casinos,,,,,No,
43991,,No,Gambling--Incidental to Other Operations,,,,,No,
44009,,No,Gasoline or Oil Supply Stations--Retail--(Lessor's Risk Only),,,,,No,
44010,,No,Gasoline Recovery--from Casing Head or Natural Gas,,,,,No,
44069,,No,Golf Courses--Miniature,,,,,No,
44070,,No,Golf Courses--Municipal or Public--Not Golf or Country Clubs,,,,,No,
44071,,No,Golf Driving Ranges,,,,,No,
44072,,No,Golfmobiles--Loaned or Rented to Others,,,,,No,
44100,,No,"Governmental: Municipalities--Population under 2,500",,,,,No,
44101,,No,"Governmental: Municipalities--Population 2,501-10,000",,,,,No,
44102,,No,"Governmental: Municipalities--Population 10,001-25,000",,,,,No,
44103,,No,"Governmental: Municipalities--Population 25,001-50,000",,,,,No,
44104,,No,"Governmental: Municipalities--Population 50,001-100,000",,,,,No,
44105,,No,Governmental: Municipalities,,,,,No,
44106,,No,"Governmental: Municipalities--Population over 250,000",,,,,No,
44108,,No,"Governmental: Counties or Parishes--Population under 10,000",,,,,No,
44109,,No,"Governmental: Counties or Parishes--Population 10,001-25,000",,,,,No,
44110,,No,"Governmental: Counties or Parishes--Population 25,001-50,000",,,,,No,
44111,,No,"Governmental: Counties or Parishes--Population 50,001-100,000",,,,,No,
44112,,No,"Governmental: Counties or Parishes--Population 100,001-250,000",,,,,No,
44113,,No,"Governmental: Counties or Parishes--Population over 250,000",,,,,No,
44193,,No,Grandstands or Bleachers--Other Than Not-For-Profit,,,,,No,
44194,,No,Grandstands or Bleachers--Not-For-Profit Only,,,,,No,
44222,,No,Guides or Outfitters,,,,,No,
44276,,No,Halls--Other Than Not-For-Profit,,,,,No,
44277,,No,Halls--Not-For-Profit Only,,,,,No,
44280,,No,"Event, Party or Wedding Planners",,,,,No,
44311,,No,Health or Exercise Clubs,,,,,No,
44315,,No,Health or Exercise Facilities--Commercially Operated,,,,,No,
44427,,No,Health Care Facilities--Alcohol and Drug--Other Than Not-For-Profit,,,,,No,
44428,,No,Health Care Facilities--Alcohol and Drug--Not-For-Profit Only,,,,,No,
44429,,No,Health Care Facilities--Convalescent or Nursing Homes--Not Mental--Psychopathic Institutions--Other Than Not-For-Profit,,,,,No,
44430,,No,Health Care Facilities--Convalescent or Nursing Homes--Not Mental--Psychopathic Institutions--Not-For-Profit Only,,,,,No,
44431,,No,Health Care Facilities--Homes for the Aged--Other Than Not-For-Profit,,,,,No,
44432,,No,Health Care Facilities--Homes for the Aged--Not-For-Profit Only,,,,,No,
44433,,No,Health Care Facilities--Homes for the Physically Handicapped or Orphaned--Other Than Not-For-Profit,,,,,No,
44434,,No,Health Care Facilities--Homes for the Physically Handicapped or Orphaned--Not-For-Profit Only,,,,,No,
44435,,No,Health Care Facilities--Hospitals Other Than Not-For-Profit,,,,,No,
44436,,No,Health Care Facilities--Hospitals Not-For-Profit Only,,,,,No,
44437,,No,Health Care Facilities--Mental--Psychopathic Institutions--Other Than Not-For-Profit,,,,,No,
44438,,No,Health Care Facilities--Mental--Psychopathic Institutions--Not-For-Profit Only,,,,,No,
44439,,No,"Health Care Facilities--Clinics, Dispensaries or Infirmaries Treating Outpatients Only--No Regular Bed and Board Facilities--Other Than Not-For-Profit",,,,,No,
44440,,No,"Health Care Facilities--Clinics, Dispensaries or Infirmaries Treating Outpatients Only--No Regular Bed and Board Facilities--Not-For-Profit Only",,,,,No,
44500,,No,Home Health Care Services--Not-For-Profit Only,,,,,No,
44501,,No,Home Health Care Services--Other Than Not-For-Profit,,,,,No,
45190,,No,Hotels and Motels--with Pools or Beaches--Less Than Four Stories,,,,,No,
45191,,No,Hotels and Motels--with Pools or Beaches--Four Stories or More,,,,,No,
45192,,No,Hotels and Motels--without Pools or Beaches--Less Than Four Stories,,,,,No,
45193,,No,Hotels and Motels--without Pools or Beaches--Four Stories or More,,,,,No,
45210,,No,Bed and Breakfasts,,,,,No,
45224,,No,Hunting Preserves--Other Than Not-For-Profit,,,,,No,
45225,,No,Hunting Preserves--Not-For-Profit Only,,,,,No,
45334,,No,Insurance Agents,,,,,No,
45380,,No,Junk Dealers,,,,,No,
45450,,No,"Kennels--Breeding, Boarding or Sales",,,,,No,
45523,,No,Lakes or Reservoirs--Existence Hazard Only--Other Than Not-For-Profit,,,,,No,
45524,,No,Lakes or Reservoirs--Existence Hazard Only--Not-For-Profit Only,,,,,No,
45539,,No,Land--Occupied by Persons Other Than the Insured for Business Purposes--(Lessor's Risk Only),,,,,No,
45678,,No,Laundries and Dry Cleaning Plants,,,,,No,
45771,,No,Livestock Sales Companies,,,,,No,
45819,,No,Lumberyards,,,,,No,
45900,,No,Mail Order or Online Drug Stores,,,,,No,
45901,,No,Mail Order Houses,,,,,No,
45937,,No,Mailing or Addressing Companies,,,,,No,
45993,,No,Manufacturers' Representatives,,,,,No,
46004,,No,Mausoleums--Other Than Not-For-Profit,,,,,No,
46005,,No,Mausoleums--Not-For-Profit Only,,,,,No,
46112,,No,Diagnostic Testing Laboratories,,,,,No,
46202,,No,Mobile Home Parks or Courts,,,,,No,
46362,,No,Model Homes,,,,,No,
46426,,No,Museums--Other Than Not-For-Profit,,,,,No,
46427,,No,Museums--Not-For-Profit Only,,,,,No,
46510,,No,Oil or Gas Wells--Non-Operating Working Interest,,,,,No,
46590,,No,Parades,,,,,No,
46603,,No,Parking--Public--Not Open Air,,,,,No,
46604,,No,Parking--Public--Open Air,,,,,No,
46606,,No,Parking--Public--Shopping Centers--Maintained by Lessee (Lessor's Risk Only),,,,,No,
46607,,No,Parking--Public--Shopping Centers--Maintained by the Insured (Lessor's Risk Only),,,,,No,
46622,,No,Parking--Private,,,,,No,
46671,,No,Parks or Playgrounds,,,,,No,
46700,,No,Penal Institutions,,,,,No,
46773,,No,Picnic Grounds--Commercially Operated,,,,,No,
46822,,No,Political Campaign Headquarters or Offices,,,,,No,
46881,,No,Professional and Trade Associations--No Buildings or Premises Owned or Leased Except as Offices--Other Than Not-For-Profit,,,,,No,
46882,,No,Professional and Trade Associations--No Buildings or Premises Owned or Leased Except as Offices--Not-For-Profit Only,,,,,No,
46911,,No,Race Tracks--Motorized Vehicles--Operators,,,,,No,
46912,,No,Race Tracks--Operators,,,,,No,
46913,,No,Race Tracks--Motorized Vehicles--Lessor's Risk Only,,,,,No,
46914,,No,Racing--Lessor's Risk Only,,,,,No,
46915,,No,Race Tracks--Motorized Vehicles--Sponsor's Risk Only,,,,,No,
46916,,No,Racing--Sponsor's Risk Only,,,,,No,
47050,,No,Real Estate Agents,,,,,No,
47051,,No,Real Estate Development Property,,,,,No,
47052,,No,Real Estate Property Managed,,,,,No,
47103,,No,Recording Studios,,,,,No,
47146,,No,Recycling Collection Centers--Other Than Not-For-Profit,,,,,No,
47147,,No,Recycling Collection Centers--Not-For-Profit Only,,,,,No,
47221,,No,Riding Academies,,,,,No,
47253,,No,Rifle or Pistol Ranges--Indoor,,,,,No,
47254,,No,Rifle or Pistol Ranges,,,,,No,
47318,,No,Rodeos,,,,,No,
47367,,No,Sales or Service Organizations,,,,,No,
47420,,No,Saunas and Baths--Public,,,,,No,
47468,,No,Schools--Correspondence,,,,,No,
47469,,No,Schools--Faculty Liability for Corporal Punishment of Students,,,,,No,
47471,,No,"Schools--Public--Elementary, Kindergarten or Junior High",,,,,No,
47473,,No,Schools--Public--High,,,,,No,
47474,,No,Schools--Trade or Vocational,,,,,No,
47475,,No,"Schools--Private--Elementary, Kindergarten or Junior High--Other Than Not-For-Profit",,,,,No,
47476,,No,"Schools--Private--Elementary, Kindergarten or Junior High--Not-For-Profit Only",,,,,No,
47477,,No,Schools--Private--High--Other Than Not-For-Profit,,,,,No,
47478,,No,Schools--Private--High--Not-For-Profit Only,,,,,No,
47610,,No,Internet Service Providers,,,,,No,
48039,,No,Sewers,,,,,No,
48177,,No,Skating Rinks--Ice,,,,,No,
48178,,No,Skating Rinks--Roller,,,,,No,
48206,,No,Skeet Shooting or Trap Shooting Ranges,,,,,No,
48252,,No,"Ski Lifts, Tows or Runs",,,,,No,
48441,,No,Soap Box Derbies,,,,,No,
48557,,No,Social Gatherings and Meetings--on Premises Not Owned or Operated by the Insured--Other Than Not-For-Profit,,,,,No,
48558,,No,Social Gatherings and Meetings--on Premises Not Owned or Operated by the Insured--Not-For-Profit Only,,,,,No,
48600,,No,Social Services--Consulting Services Only--Operated by the Private Sector,,,,,No,
48610,,No,Sports or Outdoor Activities--Commercially Operated,,,,,No,
48636,,No,Stockyards,,,,,No,
48637,,No,Stadiums--Operated by Insured--Other Than Not-For-Profit,,,,,No,
48638,,No,Stadiums--Operated by Insured--Not-For-Profit Only,,,,,No,
48727,,No,"Streets, Roads, Highways or Bridges--Existence and Maintenance Hazard Only",,,,,No,
48808,,No,Sun Tanning Salons,,,,,No,
48924,,No,Swimming Pools--Commercially Operated,,,,,No,
48925,,No,Swimming Pools,,,,,No,
49005,,No,Taxidermists,,,,,No,
49111,,No,Tents or Canopies--Loaned or Rented to Others,,,,,No,
49181,,No,Theaters--Drive-In,,,,,No,
49183,,No,Theaters--Motion Pictures,,,,,No,
49184,,No,Theaters--Other Than Not-For-Profit Only,,,,,No,
49185,,No,Theaters--Not-For-Profit Only,,,,,No,
49239,,No,Tire--Retreading or Recapping,,,,,No,
49292,,No,Toll Bridges,,,,,No,
49305,,No,Towers--Telecommunication--Existence Hazard Only (Lessors Risk Only),,,,,No,
49333,,No,Travel Agency Tours,,,,,No,
49451,,No,Vacant Land--Other Than Not-For-Profit,,,,,No,
49452,,No,Vacant Land--Not-For-Profit Only,,,,,No,
49617,,No,"Vending Machine Operations--Confection, Food, Beverage or Ice",,,,,No,
49618,,No,Vending Machine Operations--Tobacco Products,,,,,No,
49619,,No,Vending Machine Operations,,,,,No,
49763,,No,Warehouse--Cold Individual Storage Lockers,,,,,No,
49800,,No,Wharf and Waterfront Property--Ferry Docks or Terminals,,,,,No,
49801,,No,Wharf and Waterfront Property--Occupied by the Insured for Both Freight and Passenger Purposes,,,,,No,
49802,,No,Wharf and Waterfront Property--Not Occupied by the Insured (Lessor's Risk Only),,,,,No,
49803,,No,Wharf and Waterfront Property--Occupied by the Insured for Freight Purposes Exclusively,,,,,No,
49840,,No,Window Decorating,,,,,No,
49870,,No,"YMCA, YWCA or Similar Institutions",,,,,No,
49890,,No,Youth Recreation Programs--Other Than Not-For-Profit,,,,,No,
49891,,No,Youth Recreation Programs--Not-For-Profit Only,,,,,No,
49902,,No,Zoos--Other Than Not-For-Profit,,,,,No,
49903,,No,Zoos--Not-For-Profit Only,,,,,No,
50010,,No,Abrasive Wheel Mfg.,,,,,No,
50015,,No,Abrasives or Abrasive Products Mfg.--Artificial,,,,,No,
50017,,No,Abrasives or Abrasive Products Mfg.,,,,,No,
50045,,No,Adhesive Mfg.,,,,,No,
50047,,No,Adhesive Tape Mfg.,,,,,No,
51001,,No,Aerosol Container Mfg.,,,,,No,
51005,,No,Aerosol Containers--Filling or Charging for Others,,,,,No,
51116,,No,Air Conditioning Equipment Mfg.,,,,,No,
51201,,No,Aircraft or Aircraft Parts Mfg.,,,,,No,
51205,,No,Alarm Mfg.--Burglar,,,,,No,
51206,,No,Alarm Mfg.--Fire or Smoke,,,,,No,
51210,,No,Alcohol Mfg.--Not Beverage,,,,,No,
51211,,No,Ammunition Mfg.,,,,,No,
51220,,No,Appliances and Accessories Mfg.--Commercial--Gas,,,,,No,
51221,,No,Appliances and Accessories Mfg.--Commercial--Not Gas,,,,,No,
51222,,No,Appliances and Accessories Mfg.--Household--Gas,,,,,No,
51224,,No,Appliances and Accessories Mfg.--Household--Not Gas,,,,,No,
51230,,No,Asbestos Goods Mfg.,,,,,No,
51240,,No,Asphalt or Tar Distilling or Refining,,,,,No,
51241,,No,Asphalt Works,,,,,No,
51250,,No,"Automobile, Bus and Truck Body Mfg.",,,,,No,
51251,,No,"Automobile, Bus or Truck Parts Mfg.--Brakes or Brake Linings",,,,,No,
51252,,No,"Automobile, Bus or Truck Parts Mfg.--Not Operating Parts",,,,,No,
51253,,No,"Automobile, Bus or Truck Parts Mfg.--Operating Parts",,,,,No,
51254,,No,"Automobile, Bus or Truck Parts Mfg.--Passenger Restraining Devices",,,,,No,
51255,,No,Automobile Mfg. or Assembling,,,,,No,
51305,,No,Baby Food Mfg.,,,,,No,
51315,,No,Bakery Plants,,,,,No,
51330,,No,Battery Mfg.--Dry Cell,,,,,No,
51333,,No,Battery Mfg.--Wet Cell or Storage,,,,,No,
51340,,No,Bearing Mfg.,,,,,No,
51350,,No,"Beer, Ale or Malt Liquor Mfg.--In Bottles",,,,,No,
51351,,No,"Beer, Ale or Malt Liquor Mfg.--In Cans",,,,,No,
51352,,No,"Beer, Ale or Malt Liquor Mfg.--Not Bottled or Canned",,,,,No,
51355,,No,Beverage Bottler--Soft Drinks--Carbonated--In Cans or Plastic Bottles,,,,,No,
51356,,No,Beverage Bottler--Soft Drinks--Carbonated--In Glass Bottles,,,,,No,
51357,,No,Beverage Bottler--Soft Drinks--In Metal Cylinders,,,,,No,
51358,,No,Beverage Bottler--Soft Drinks--In Paper Containers,,,,,No,
51359,,No,Beverage Bottler--Soft Drinks--Not Carbonated--In Bottles or Cans,,,,,No,
51370,,No,Bicycle Mfg.--Not Motorized,,,,,No,
51380,,No,Billiard or Pool Table Mfg.,,,,,No,
51400,,No,Boat or Ship Building--Inboard and Inboard/Outboard,,,,,No,
51401,,No,Boat or Ship Building--without Motors,,,,,No,
51500,,No,"Bolt, Nut, Rivet, Screw or Washer Mfg.",,,,,No,
51516,,No,Bookbinding--Other Than Not-For-Profit,,,,,No,
51517,,No,Bookbinding--Not-For-Profit Only,,,,,No,
51550,,No,Bottle and Jar Mfg.--Glass--Not for Use under Pressure,,,,,No,
51551,,No,Bottle and Jar Mfg.--Glass--for Use under Pressure--Nonreturnable,,,,,No,
51552,,No,Bottle and Jar Mfg.--Glass--for Use under Pressure--Returnable,,,,,No,
51553,,No,Bottle and Jar Mfg.--Plastic--Nonreturnable,,,,,No,
51554,,No,Bottle and Jar Mfg.--Plastic--Returnable,,,,,No,
51575,,No,Boxes or Containers Mfg.--Corrugated or Fiberboard,,,,,No,
51576,,No,Boxes or Containers Mfg.--Wood,,,,,No,
51600,,No,Brick Mfg.,,,,,No,
51613,,No,Brush or Broom Mfg.,,,,,No,
51625,,No,Bus Mfg. or Assembling or Reconstruction,,,,,No,
51666,,No,Buttons or Fasteners Mfg.,,,,,No,
51702,,No,Camper Bodies or Camper Trailers Mfg.,,,,,No,
51703,,No,Campers Mfg.--Self-Powered,,,,,No,
51734,,No,Can Mfg.--Metal,,,,,No,
51741,,No,Candle Mfg.,,,,,No,
51752,,No,Candy or Confectionery Products Mfg.,,,,,No,
51767,,No,Carbon Paper or Inked Ribbon Mfg.,,,,,No,
51777,,No,Carpet or Rug Mfg.,,,,,No,
51790,,No,"Caulking Compounds, Putty or Similar Products Mfg.",,,,,No,
51796,,No,Cellophane and Cellophane Products Mfg.,,,,,No,
51808,,No,"Cement, Concrete Mix or Plaster Mfg.--Packaged",,,,,No,
51809,,No,Cement or Plaster Mfg.--Bulk,,,,,No,
51833,,No,Charcoal or Coal Briquette Mfg.,,,,,No,
51850,,No,Chemical Mfg.--Commercial or Industrial,,,,,No,
51851,,No,"Chemical Mfg.--Commercial or Industrial--Toxic and Either Flammable, Explosive or Reactive",,,,,No,
51852,,No,"Chemical Mfg.--Commercial or Industrial--Primarily Flammable, Explosive or Reactive",,,,,No,
51853,,No,Chemical Mfg.--Commercial or Industrial--Primarily Toxic or Presenting a Health Hazard,,,,,No,
51854,,No,"Chemical Mfg.--Household--Toxic and Either Flammable, Explosive or Reactive",,,,,No,
51855,,No,Chemical Mfg.--Household,,,,,No,
51856,,No,"Chemical Mfg.--Household--Primarily Flammable, Explosive or Reactive",,,,,No,
51857,,No,Chemical Mfg.--Household--Primarily Toxic or Presenting a Health Hazard,,,,,No,
51869,,No,"China, Porcelain or Earthenware Mfg.",,,,,No,
51877,,No,Clay Products Mfg.,,,,,No,
51889,,No,Clock Mfg.,,,,,No,
51896,,No,Clothing Mfg.,,,,,No,
51900,,No,Coffins or Caskets Mfg.,,,,,No,
51909,,No,Coke Mfg.,,,,,No,
51919,,No,Color or Pigment Preparation,,,,,No,
51926,,No,Communication or Recording Systems or Equipment Mfg.--Industrial or Commercial,,,,,No,
51927,,No,Communication or Recording Systems or Equipment Mfg.--Other Than Industrial or Commercial,,,,,No,
51934,,No,Composition Goods Mfg.--Not Floor Coverings,,,,,No,
51941,,No,Computer Mfg.,,,,,No,
51942,,No,Computer Software Mfg.--Pre-Packaged,,,,,No,
51956,,No,Concrete--Mixed in Transit,,,,,No,
51957,,No,Concrete or Plaster Products Mfg.--Not Structural,,,,,No,
51958,,No,Concrete Products Mfg.--Prestressed,,,,,No,
51959,,No,Concrete Products Mfg.--Structural,,,,,No,
51960,,No,Contact Lenses Mfg.,,,,,No,
51970,,No,Cosmetics Mfg.,,,,,No,
51982,,No,"Cotton Batting, Wadding or Waste Mfg.",,,,,No,
51985,,No,Cotton Compressing,,,,,No,
51986,,No,Cotton Gin Operations,,,,,No,
51999,,No,Cutlery (Not Powered) and Flatware Mfg.,,,,,No,
52002,,No,Dairy Products Mfg.,,,,,No,
52075,,No,Detergent Mfg.--Household,,,,,No,
52076,,No,Detergent Mfg.--Other Than Household,,,,,No,
52109,,No,Dextrine Mfg.,,,,,No,
52134,,No,Door or Window Mfg.--Other Than Wood,,,,,No,
52137,,No,Die Casting Mfg.,,,,,No,
52150,,No,Distillation or Extraction,,,,,No,
52315,,No,Door or Window Mfg.--Wood,,,,,No,
52341,,No,Drug Mfg.--Biological Products,,,,,No,
52342,,No,"Drug, Medicine or Pharmaceutical Preparations Mfg.--for Animal Use",,,,,No,
52343,,No,"Drug, Medicine or Pharmaceutical Preparations Mfg.--Other Than for Animal Use",,,,,No,
52401,,No,Drums or Containers Mfg.--Metal,,,,,No,
52402,,No,Drums or Containers Mfg.--Plastic,,,,,No,
52432,,No,Electrical Equipment Mfg.--Other Than for Direct and Indirect Application to the Body,,,,,No,
52433,,No,Electrical Equipment Mfg.--for Direct and Indirect Application to the Body,,,,,No,
52435,,No,Electrical Generating Machinery Mfg.,,,,,No,
52438,,No,"Electrical Parts, Components or Accessories Mfg.",,,,,No,
52440,,No,Electrical Power Distribution or Transmission Equipment Mfg.,,,,,No,
52467,,No,Electrical Wire or Cable Mfg.,,,,,No,
52469,,No,Electronic Components Mfg.,,,,,No,
52505,,No,Electronic Games Mfg.,,,,,No,
52547,,No,Electroplating,,,,,No,
52581,,No,Elevator Mfg.,,,,,No,
52619,,No,Engine or Turbine Mfg.--Not Aircraft,,,,,No,
52660,,No,Engraving,,,,,No,
52744,,No,Escalator or Moving Sidewalk Mfg.,,,,,No,
52767,,No,Exercise or Playground Equipment Mfg.,,,,,No,
52876,,No,Explosive or Fireworks Mfg.,,,,,No,
52911,,No,Extracts Mfg.,,,,,No,
52967,,No,Eye Glass Lens Mfg.,,,,,No,
53001,,No,Feed Mfg.,,,,,No,
53077,,No,Fertilizer Mfg.,,,,,No,
53095,,No,Fiber Mfg.--Other Than Synthetic,,,,,No,
53096,,No,Fiber Mfg.--Synthetic,,,,,No,
53121,,No,Fiberglass Mfg.,,,,,No,
53147,,No,Fire Extinguishers Mfg.,,,,,No,
53229,,No,Fire Suppression Systems Mfg.,,,,,No,
53271,,No,Firearms Mfg.,,,,,No,
53333,,No,"Floor Covering Mfg.--Not Carpets, Rugs, Ceramic or Stone Tiles",,,,,No,
53374,,No,Food Products Mfg.--Dry,,,,,No,
53375,,No,Food Products Mfg.--Frozen,,,,,No,
53376,,No,Food Products Mfg.--Not Dry--In Glass Containers,,,,,No,
53377,,No,Food Products Mfg.--Not Dry--In Other Than Glass Containers,,,,,No,
53403,,No,Forging Work,,,,,No,
53425,,No,Foundries,,,,,No,
53565,,No,Fruit or Vegetable Juice Mfg.--No Bottling of Carbonated Beverages,,,,,No,
53631,,No,Fur Garment Mfg.,,,,,No,
53632,,No,Fur or Pelt Processing,,,,,No,
53731,,No,Furniture Mfg. or Assembling--Infants,,,,,No,
53732,,No,Furniture Mfg. or Assembling--Other Than Wood,,,,,No,
53733,,No,Furniture Mfg. or Assembling--Wood,,,,,No,
53734,,No,"Furniture or Woodwork Stripping, Refinishing or Repairing--Shop Only",,,,,No,
53803,,No,Galvanizing or Tinning,,,,,No,
53901,,No,"Gas Mfg.--Toxic and Either Flammable, Explosive or Reactive",,,,,No,
53902,,No,Gas Mfg.--Inert,,,,,No,
53903,,No,Gas Mfg.--Other,,,,,No,
53904,,No,"Gas Mfg.--Primarily Flammable, Explosive or Reactive",,,,,No,
53905,,No,Gas Mfg.--Primarily Toxic or Presenting a Health Hazard,,,,,No,
53907,,No,Gasoline Distributors,,,,,No,
54012,,No,Gemstone Cutting or Polishing,,,,,No,
54077,,No,Glass or Glassware Mfg.,,,,,No,
54444,,No,Manufacturers,,,,,No,
55010,,No,Heating Equipment Mfg.--Coal or Wood,,,,,No,
55011,,No,Heating Equipment Mfg.--Electric,,,,,No,
55012,,No,Heating Equipment Mfg.--Fuel Oil or Kerosene,,,,,No,
55013,,No,Heating Equipment Mfg.--Gas or Liquefied Petroleum Gas,,,,,No,
55214,,No,"Hone, Oilstone or Whetstone Mfg.",,,,,No,
55371,,No,Honey Extracting,,,,,No,
55410,,No,Importers,,,,,No,
55426,,No,Ink Mfg.,,,,,No,
55597,,No,Inner Tubes Mfg.,,,,,No,
55647,,No,"Instrument Mfg.--Analytical, Calibrating, Measuring, Testing or Recording",,,,,No,
55648,,No,Instrument Mfg.--Control,,,,,No,
55649,,No,Instrument Mfg.,,,,,No,
55715,,No,Insulating Material Mfg.--Mineral,,,,,No,
55716,,No,Insulating Material Mfg.--Organic,,,,,No,
55717,,No,Insulating Material Mfg.--Plastic--for Application in a Solid State,,,,,No,
55718,,No,Insulating Material Mfg.--Plastic,,,,,No,
55802,,No,Jewelry Mfg.,,,,,No,
55918,,No,Ladder Mfg.--Other Than Wood,,,,,No,
55919,,No,Ladder Mfg.--Wood,,,,,No,
56040,,No,Lamp Shade Mfg.,,,,,No,
56041,,No,Lamps or Lanterns Mfg.--Electric,,,,,No,
56042,,No,Lamps or Lanterns Mfg.--Other Than Electric,,,,,No,
56170,,No,Lead Mfg.--Red or White,,,,,No,
56171,,No,"Lead Works--Sheet, Pipe or Shot",,,,,No,
56202,,No,Leather Goods Mfg.,,,,,No,
56390,,No,Light Bulb or Tubes Mfg.,,,,,No,
56391,,No,Lighting Fixtures Mfg.,,,,,No,
56427,,No,Lime Mfg.,,,,,No,
56488,,No,Liquor Mfg.,,,,,No,
56567,,No,Lubricants Mfg.--Grease,,,,,No,
56650,,No,"Machinery or Machinery Parts Mfg.--Construction, Mining or Materials Handling Type",,,,,No,
56651,,No,Machinery or Machinery Parts Mfg.--Farm Type,,,,,No,
56652,,No,Machinery or Machinery Parts Mfg.--Industrial Type,,,,,No,
56653,,No,Machinery or Machinery Parts Mfg.--Metalworking,,,,,No,
56654,,No,Machinery or Machinery Parts Mfg.,,,,,No,
56690,,No,Match Mfg.,,,,,No,
56699,,No,Mattress or Box Spring Mfg.,,,,,No,
56758,,No,"Meat, Fish, Poultry or Seafood--Curing",,,,,No,
56759,,No,"Meat, Fish, Poultry or Seafood Processing--In Airtight Containers",,,,,No,
56760,,No,"Meat, Fish, Poultry or Seafood Processing--Not in Airtight Containers",,,,,No,
56805,,No,"Medical, Dental, Hospital or Surgical Equipment or Supplies Mfg.--Expendable",,,,,No,
56806,,No,"Medical, Dental, Hospital or Surgical Equipment or Supplies Mfg.--Nonexpendable",,,,,No,
56807,,No,"Medical, Dental, Hospital or Surgical Instruments Mfg.",,,,,No,
56808,,No,"Medical, Dental or Surgical Diagnostic or Treatment Machines or Devices Mfg.",,,,,No,
56900,,No,Metals--Extraction or Refining,,,,,No,
56910,,No,Metal Foil Mfg.,,,,,No,
56911,,No,Metal Goods Mfg.,,,,,No,
56912,,No,Metal Goods Mfg.--Stamping--Not Signs,,,,,No,
56913,,No,Metal Heat Processing,,,,,No,
56915,,No,Metal Works--Shop--Structural--Load Bearing,,,,,No,
56916,,No,Metal Works--Shop--Structural--Not Load Bearing,,,,,No,
56917,,No,Metals--Extraction or Refining--Chemical Processes,,,,,No,
56918,,No,Metals--Extraction or Refining--Electrometallurgical Processes,,,,,No,
56919,,No,Metals--Extraction or Refining of Ferrous Metals--Blast Furnace or Other Pyrometallurgical Processes,,,,,No,
56920,,No,Metals--Extraction or Refining of Nonferrous Metals--Blast Furnace or Other Pyrometallurgical Processes,,,,,No,
56980,,No,Mica Goods Mfg.,,,,,No,
57001,,No,Milk Depots or Dealers,,,,,No,
57002,,No,Milk Processing,,,,,No,
57090,,No,Mobile Home Mfg.,,,,,No,
57146,,No,Modular Units Mfg.,,,,,No,
57202,,No,"Motorcycle, Moped or Motor Scooter Mfg.",,,,,No,
57257,,No,Musical Instrument Mfg.,,,,,No,
57401,,No,Nails or Spikes Mfg.,,,,,No,
57403,,No,"Needles, Pins or Tacks Mfg.",,,,,No,
57410,,No,Net Mfg.--Other Than Safety Nets,,,,,No,
57411,,No,Net Mfg.--Safety Nets,,,,,No,
57572,,No,Office Machines Mfg.,,,,,No,
57600,,No,Optical Goods Mfg.,,,,,No,
57611,,No,Ore Milling or Processing,,,,,No,
57625,,No,"Orthopedic, Ambulation or Prosthetic Devices Mfg.",,,,,No,
57651,,No,Packing Houses,,,,,No,
57690,,No,"Paint, Varnish, Shellac or Lacquer Mfg.",,,,,No,
57716,,No,Paper Coating or Finishing,,,,,No,
57725,,No,Paper Goods Mfg.,,,,,No,
57726,,No,Paper Mfg.,,,,,No,
57798,,No,Parachute Mfg.,,,,,No,
57800,,No,Media Mfg.--Blank,,,,,No,
57808,,No,Pattern Mfg.--Metal,,,,,No,
57809,,No,Pattern Mfg.--Other,,,,,No,
57810,,No,Pattern Mfg.--Paper,,,,,No,
57871,,No,"Pencil, Pen, Crayon or Chalk Mfg.",,,,,No,
57913,,No,Pet Food Mfg.,,,,,No,
57997,,No,Photo Finishing Laboratories,,,,,No,
57998,,No,Photographic Equipment Mfg.,,,,,No,
57999,,No,Photographic Supplies Mfg.,,,,,No,
58009,,No,Pipes or Tubes Mfg.--Metal,,,,,No,
58010,,No,Pipes or Tubes Mfg.--Plastic,,,,,No,
58020,,No,Pipes Mfg.--Tobacco,,,,,No,
58056,,No,Plastic Mfg.--Raw Material,,,,,No,
58057,,No,Plastic or Rubber Goods Mfg.--Household,,,,,No,
58058,,No,Plastic or Rubber Goods Mfg.--Other Than Household,,,,,No,
58095,,No,Plumbing Fixtures Mfg.,,,,,No,
58096,,No,Plumbing Supplies Mfg.,,,,,No,
58301,,No,"Plywood, Veneer or Veneer Products Mfg.--Other",,,,,No,
58302,,No,"Plywood, Veneer or Veneer Products Mfg.--without Log Processing",,,,,No,
58397,,No,Prefabricated Building Mfg.,,,,,No,
58408,,No,Printing--Other Than Not-For-Profit,,,,,No,
58409,,No,Printing--Not-For-Profit Only,,,,,No,
58456,,No,Publishers--Books or Magazines--Other Than Not-For-Profit,,,,,No,
58457,,No,Publishers--Books or Magazines--Not-For-Profit Only,,,,,No,
58458,,No,Publishers--Newspapers--Other Than Not-For-Profit,,,,,No,
58459,,No,Publishers--Newspapers--Not-For-Profit Only,,,,,No,
58503,,No,Pulp Mfg.,,,,,No,
58532,,No,Pumps or Compressors Mfg.,,,,,No,
58559,,No,Railroad Engine Mfg.,,,,,No,
58560,,No,Railroad or Other Public Conveyance Cars Mfg.,,,,,No,
58561,,No,Railroad or Other Public Conveyance Cars Parts Mfg.,,,,,No,
58575,,No,Razor or Razor Blades Mfg.,,,,,No,
58627,,No,Media Mfg.--Pre-Recorded,,,,,No,
58663,,No,Refrigeration Equipment Mfg.,,,,,No,
58682,,No,Rendering Works,,,,,No,
58713,,No,Rolling Mills--Cold or Hot Process,,,,,No,
58737,,No,Rope Mfg.,,,,,No,
58756,,No,Rubber Mfg.,,,,,No,
58757,,No,Rubber Reclaiming,,,,,No,
58759,,No,Rubber Stamp Mfg. or Assembling,,,,,No,
58802,,No,"Saddles, Harnesses or Horses Furnishings Mfg.",,,,,No,
58813,,No,Safes or Safe Vaults Mfg.,,,,,No,
58822,,No,Sail Making,,,,,No,
58837,,No,"Salt, Borax, Potash or Phosphate--Producing or Refining",,,,,No,
58840,,No,Salt Mfg.,,,,,No,
58873,,No,Saw Mills or Planing Mills,,,,,No,
58903,,No,Sewing Machines Mfg.--Commercial,,,,,No,
58904,,No,Sewing Machines Mfg.--Household,,,,,No,
58922,,No,Sheet Metal Work--Shop Only,,,,,No,
59005,,No,"Shoe, Boot or Slipper Mfg.",,,,,No,
59057,,No,Sign Mfg.--Electrical,,,,,No,
59058,,No,Sign Mfg.--Other Than Electrical,,,,,No,
59188,,No,Slate Milling,,,,,No,
59189,,No,Slate Splitting or Slate Roofing Mfg.,,,,,No,
59223,,No,Soap Mfg.,,,,,No,
59257,,No,Sponge Processing,,,,,No,
59306,,No,Sporting Goods or Athletic Equipment Mfg.,,,,,No,
59378,,No,Steel Wool or Wire Wool Mfg.,,,,,No,
59481,,No,Stone Crushing,,,,,No,
59482,,No,Stone Cutting or Polishing,,,,,No,
59537,,No,Sugar Refining,,,,,No,
59601,,No,Swimming Pools or Accessories Mfg.,,,,,No,
59647,,No,"Syrups or Molasses--Refining, Blending or Mfg.",,,,,No,
59660,,No,Tank Building or Mfg.--Metal--Not Pressurized,,,,,No,
59661,,No,Tank Building or Mfg.--Metal--Pressurized,,,,,No,
59693,,No,Tanning--Animal Hides,,,,,No,
59695,,No,Telecommunication Equipment Mfg.,,,,,No,
59701,,No,Television Picture Tube Mfg.,,,,,No,
59713,,No,Tent or Canopy Mfg.,,,,,No,
59722,,No,"Textile Bleaching, Dyeing, Mercerizing, Printing, Finishing or Silk Screening--New Goods",,,,,No,
59723,,No,Textile Coating or Impregnating,,,,,No,
59724,,No,Textile Mfg.--Impregnated or Coated,,,,,No,
59725,,No,Textile Products Mfg.--Fabricated,,,,,No,
59726,,No,"Textile Spinning, Weaving or Knitting Mills",,,,,No,
59738,,No,"Tie, Post or Pole Yard",,,,,No,
59750,,No,"Tire Mfg.--Auto, Bus or Truck",,,,,No,
59751,,No,"Tire Mfg.--Not Auto, Bus or Truck",,,,,No,
59773,,No,Tobacco Products Mfg.--Cigars or Cigarettes,,,,,No,
59774,,No,Tobacco Products Mfg.--Other,,,,,No,
59775,,No,Tobacco Products Mfg.--Plug or Snuff,,,,,No,
59781,,No,Tool Mfg.--Accessories,,,,,No,
59782,,No,Tool Mfg.--Hand Type--Not Powered,,,,,No,
59783,,No,Tool Mfg.--Hand Type--Powered,,,,,No,
59784,,No,Tool Mfg.--Power Equipment--Household Type--Outdoor or Workshop,,,,,No,
59790,,No,Toys or Games Mfg.,,,,,No,
59798,,No,Trailers Mfg.,,,,,No,
59806,,No,Truck Mfg. or Assembling,,,,,No,
59867,,No,Turpentine or Resin Mfg.,,,,,No,
59886,,No,Twine or Cordage Mfg.,,,,,No,
59889,,No,Umbrella or Cane Mfg.,,,,,No,
59892,,No,Valves Mfg.,,,,,No,
59904,,No,Vegetable Oil Mfg.--By Solvent Extraction,,,,,No,
59905,,No,Vegetable Oil Mfg.,,,,,No,
59914,,No,Metal Works--Shop--Decorative or Artistic,,,,,No,
59915,,No,Vending Machines Mfg.,,,,,No,
59917,,No,Venetian Blinds Mfg. or Assembling,,,,,No,
59923,,No,Watch or Watch Case Mfg.,,,,,No,
59925,,No,Water Bottling--In Siphons,,,,,No,
59926,,No,Water Bottling--Spring or Well--Not Sparkling or Carbonated,,,,,No,
59927,,No,Water Bottling--Spring or Well--Sparkling or Carbonated,,,,,No,
59931,,No,Wax or Wax Products Mfg.,,,,,No,
59932,,No,"Wax, Wax Products or Polish Mfg.--Floor",,,,,No,
59941,,No,Wheel Mfg.,,,,,No,
59947,,No,"Wicker, Rattan, Willow or Twisted Fiber Products Mfg.",,,,,No,
59955,,No,Wigs or Hair Pieces Mfg.,,,,,No,
59963,,No,Wine Mfg.--Sparkling,,,,,No,
59964,,No,Wine Mfg.--Still,,,,,No,
59970,,No,Wire Cloth Mfg.,,,,,No,
59973,,No,Wire Drawing,,,,,No,
59975,,No,Wire Goods Mfg.,,,,,No,
59977,,No,Wire Rope or Cable Mfg.--Metal,,,,,No,
59984,,No,Wood Preserving,,,,,No,
59985,,No,Wood Products Mfg.,,,,,No,
59986,,No,Wood Turned Products Mfg.,,,,,No,
59988,,No,"Wool Combing, Scouring or Separating from Cotton",,,,,No,
59989,,No,Wool Pulling,,,,,No,
60010,,No,Apartment Buildings,,,,,No,
60011,,No,Apartment Buildings--Garden,,,,,No,
60012,,No,Apartment Buildings or Hotels Time-Sharing--Less Than 4 Stories,,,,,No,
60013,,No,Apartment Buildings or Hotels Time-Sharing--4 Stories or More,,,,,No,
60015,,No,Apartment Hotels--Less Than 4 Stories,,,,,No,
60016,,No,Apartment Hotels--4 Stories or More,,,,,No,
60035,,No,Automobile Renting or Leasing Companies,,,,,No,
61000,,No,Boarding or Rooming Houses,,,,,No,
61212,,No,Buildings or Premises--Bank or Office--Mercantile or Mfg. (Lessor's Risk Only)--Other Than Not-For-Profit,,,,,No,
61216,,No,Buildings or Premises--Bank or Office--Mercantile or Mfg. (Lessor's Risk Only)--Not-For-Profit Only,,,,,No,
61217,,No,Buildings or Premises--Bank or Office--Mercantile or Mfg. (Lessor's Risk Only)--Maintained by the Insured--Other Than Not-For-Profit,,,,,No,
61218,,No,Buildings or Premises--Bank or Office--Mercantile or Mfg. (Lessor's Risk Only)--Maintained by the Insured--Not-For-Profit Only,,,,,No,
61223,,No,Buildings or Premises--Bank and Other Financial Institutions,,,,,No,
61224,,No,Buildings or Premises--Office--Premises Occupied by Employees of the Insured--Other Than Not-For-Profit,,,,,No,
61225,,No,Buildings or Premises--Office--Premises Occupied by Employees of the Insured--Not-For-Profit Only,,,,,No,
61226,,No,Buildings or Premises--Office--Other Than Not-For-Profit,,,,,No,
61227,,No,Buildings or Premises--Office--Not-For-Profit Only,,,,,No,
62000,,No,"Condominiums--Commercial--Bank or Mercantile, Mfg. or Office (Association Risk Only)",,,,,No,
62001,,No,Condominiums--Commercial Shopping Centers (Association Risk Only),,,,,No,
62002,,No,Condominiums--Commercial Warehouses--Mfg. or Private (Association Risk Only),,,,,No,
62003,,No,Condominiums--Residential--(Association Risk Only),,,,,No,
63010,,No,Dwellings--One-Family (Lessor's Risk Only),,,,,No,
63011,,No,Dwellings--Two-Family (Lessor's Risk Only),,,,,No,
63012,,No,Dwellings--Three-Family (Lessor's Risk Only),,,,,No,
63013,,No,Dwellings--Four-Family (Lessor's Risk Only),,,,,No,
63215,,No,Exhibition or Convention Buildings--Other Than Not-For-Profit,,,,,No,
63216,,No,Exhibition or Convention Buildings--Not-For-Profit Only,,,,,No,
63217,,No,Exhibitions--In Buildings--Other Than Not-For-Profit,,,,,No,
63218,,No,Exhibitions--In Buildings--Not-For-Profit Only,,,,,No,
63219,,No,Exhibitions--In Buildings--No Admission Charged--Other Than Not-For-Profit,,,,,No,
63220,,No,Exhibitions--In Buildings--No Admission Charged--Not-For-Profit Only,,,,,No,
64074,,No,Hotels and Motels--(Lessor's Risk Only)--Less Than Four Stories,,,,,No,
64075,,No,Hotels and Motels--(Lessor's Risk Only)--Four Stories or More,,,,,No,
64500,,No,"Housing Projects--Federal, State, Local",,,,,No,
65007,,No,Labor Union Offices,,,,,No,
66122,,No,Lawyers Offices--Other Than Not-For-Profit,,,,,No,
66123,,No,Lawyers Offices--Not-For-Profit Only,,,,,No,
66309,,No,Libraries,,,,,No,
66561,,No,Medical Offices,,,,,No,
67017,,No,"Shelters, Mission, Settlement or Halfway Houses--Not Church or Office Building",,,,,No,
67508,,No,"Schools--Colleges, Universities, Junior Colleges or College Preparatory Other Than Not-For-Profit",,,,,No,
67509,,No,"Schools--Colleges, Universities, Junior Colleges or College Preparatory Not-For-Profit Only",,,,,No,
67510,,No,Schools--Dormitory Facilities--Other Than Not-For-Profit,,,,,No,
67511,,No,Schools--Dormitory Facilities--Not-For-Profit Only,,,,,No,
67512,,No,Schools--Other Than Not-For-Profit,,,,,No,
67513,,No,Schools--Not-For-Profit Only,,,,,No,
67634,,No,Shopping Centers--Indoor Malls--Buildings or Premises Not Occupied by the Insured (Lessor's Risk Only),,,,,No,
67635,,No,Shopping Centers--Buildings or Premises Not Occupied by the Insured (Lessor's Risk Only),,,,,No,
68001,,No,Taxicab Companies,,,,,No,
68439,,No,Ticket Agencies,,,,,No,
68500,,No,Townhouses or Similar Associations (Association Risk Only),,,,,No,
68604,,No,Vacant Buildings--Factories,,,,,No,
68606,,No,Vacant Buildings--Not Factories--Other Than Not-For-Profit,,,,,No,
68607,,No,Vacant Buildings--Not Factories--Not-For-Profit Only,,,,,No,
68702,,No,Warehouses--Occupied by Multiple Interests (Lessor's Risk Only),,,,,No,
68703,,No,Warehouses--Occupied by Single Interest (Lessor's Risk Only),,,,,No,
68706,,No,Warehouses--Private--Other Than Not-For-Profit,,,,,No,
68707,,No,Warehouses--Private--Not-For-Profit Only,,,,,No,
90089,,No,Advertising Sign Companies--Outdoor,,,,,No,
91111,,No,"Air Conditioning Systems or Equipment--Dealers or Distributors and Installation, Servicing or Repair",,,,,No,
91125,,No,"Airport Runway or Warming Apron--Paving or Repaving, Surfacing, Resurfacing or Scraping",,,,,No,
91127,,No,"Alarms and Alarm Systems--Installation, Servicing or Repair",,,,,No,
91130,,No,Alarms--Security Systems--Monitoring,,,,,No,
91135,,No,Analytical Chemists,,,,,No,
91150,,No,"Appliances and Accessories--Installation, Servicing or Repair--Commercial",,,,,No,
91155,,No,"Appliances and Accessories--Installation, Servicing or Repair--Household",,,,,No,
91160,,No,Armored Car Service Companies,,,,,No,
91175,,No,Auctioneers--Livestock--Sales Conducted Away from the Insured's Premises,,,,,No,
91177,,No,Auctioneers--Sales Conducted Away from the Insured's Premises,,,,,No,
91179,,No,Auctions--on Premises Owned or Rented by the Insured,,,,,No,
91190,,No,Automobile Dismantling,,,,,No,
91200,,No,Blacksmithing,,,,,No,
91210,,No,Blasting Operations,,,,,No,
91235,,No,Boat Repair and Servicing,,,,,No,
91250,,No,"Boiler Inspection, Installation, Cleaning or Repair",,,,,No,
91265,,No,Bridge or Elevated Highway Construction--Iron or Steel,,,,,No,
91266,,No,Bridge or Elevated Highway Construction--Concrete,,,,,No,
91280,,No,Building Structure--Raising or Moving,,,,,No,
91302,,No,Cable Installation in Conduits or Subways,,,,,No,
91315,,No,Cable or Subscription Television Companies,,,,,No,
91324,,No,Caisson or Cofferdam Work--Foundations for Buildings,,,,,No,
91325,,No,Caisson or Cofferdam Work--Not Foundations for Buildings,,,,,No,
91340,,No,Carpentry--Construction of Residential Property Not Exceeding Three Stories in Height,,,,,No,
91341,,No,Carpentry--Interior,,,,,No,
91342,,No,Carpentry,,,,,No,
91343,,No,Carpentry--Shop Only,,,,,No,
91405,,No,"Carpet, Rug, Furniture or Upholstery Cleaning--on Customers' Premises",,,,,No,
91436,,No,Ceiling or Wall Installation--Metal,,,,,No,
91481,,No,Chimney Cleaning,,,,,No,
91507,,No,Clay or Shale Digging,,,,,No,
91523,,No,Cleaning--Outside Surfaces of Buildings & Other Exterior Surfaces,,,,,No,
91547,,No,Commissary Work,,,,,No,
91551,,No,Communication Equipment Installation--Industrial or Commercial,,,,,No,
91555,,No,Computer Service or Repair,,,,,No,
91560,,No,Concrete Construction,,,,,No,
91562,,No,"Concrete or Cement Distributing Towers--Rented to Others--Installation, Repair or Removal Operations Only",,,,,No,
91577,,No,Conduit Construction for Cables or Wires,,,,,No,
91580,,No,Contractors--Executive Supervisors or Executive Superintendents,,,,,No,
91581,,No,"Contractors--Subcontracted Work--In Connection with Construction, Reconstruction, Erection or Repair--Not Buildings",,,,,No,
91582,,No,"Contractors--Subcontracted Work--In Connection with Building Construction, Reconstruction, Repair or Erection--Apartment or Office Buildings over Four Stories",,,,,No,
91583,,No,"Contractors--Subcontracted Work--In Connection with Building Construction, Reconstruction, Repair or Erection--One- or Two-Family Dwellings",,,,,No,
91584,,No,"Contractors--Subcontracted Work--In Connection with Construction, Reconstruction, Repair or Erection of Buildings--for Industrial Use",,,,,No,
91585,,No,"Contractors--Subcontracted Work--In Connection with Construction, Reconstruction, Repair or Erection of Buildings",,,,,No,
91586,,No,"Contractors--Subcontracted Work--In Connection with Oil and Gas Field Construction, Reconstruction or Repair",,,,,No,
91587,,No,"Contractors--Subcontracted Work--In Connection with Pipeline (Other Than Oil or Gas) or Communication or Power Line Construction, Reconstruction or Repair",,,,,No,
91588,,No,"Contractors--Subcontracted Work--In Connection with Bridge, Tunnel, Elevated Street or Highway Construction, Reconstruction or Repair",,,,,No,
91589,,No,"Contractors--Subcontracted Work--In Connection with Street or Highway Construction or Repair, Not Elevated",,,,,No,
91590,,No,Contractors Permanent Yards--Maintenance or Storage of Equipment or Material,,,,,No,
91591,,No,Contractors--Subcontracted Work--Other Than Construction-Related Work,,,,,No,
91600,,No,Construction or Project Manager,,,,,No,
91606,,No,Crop Spraying--by Contractors,,,,,No,
91618,,No,Dam or Reservoir Construction,,,,,No,
91629,,No,Debris Removal--Construction Site,,,,,No,
91636,,No,Detective or Investigative Agencies--Private,,,,,No,
91641,,No,"Dike, Levee or Revetment Construction",,,,,No,
91666,,No,Diving--Marine,,,,,No,
91722,,No,"Dock Operations--Coal, Grain or Ore",,,,,No,
91746,,No,"Door, Window or Assembled Millwork--Installation--Metal",,,,,No,
91805,,No,Draftsmen,,,,,No,
92053,,No,Dredging--Gold--Endless Bucket or Ladder Type,,,,,No,
92054,,No,Dredging--Gold--Floating Dragline Type,,,,,No,
92055,,No,Dredging,,,,,No,
92101,,No,Drilling--Other Than Water,,,,,No,
92102,,No,Drilling--Water,,,,,No,
92215,,No,"Driveway, Parking Area or Sidewalk--Paving or Repaving",,,,,No,
92338,,No,Dry Wall or Wallboard Installation,,,,,No,
92445,,No,Electric Light or Power Companies,,,,,No,
92446,,No,Electric Light or Power Line Construction,,,,,No,
92447,,No,Electric Light or Power Line Construction--Rural Utilities Service Projects Only,,,,,No,
92451,,No,"Electrical Apparatus--Installation, Servicing or Repair",,,,,No,
92478,,No,Electrical Work--within Buildings,,,,,No,
92593,,No,"Elevator or Escalator Inspecting, Installation, Servicing or Repair",,,,,No,
92663,,No,Engineers or Architects--Consulting--Not Engaged in Actual Construction,,,,,No,
94007,,No,Excavation,,,,,No,
94099,,No,Express Companies,,,,,No,
94225,,No,Farm Machinery Operations--by Contractors,,,,,No,
94276,,No,Fence Erection Contractors,,,,,No,
94304,,No,"Fire Extinguishers--Servicing, Refilling or Testing",,,,,No,
94381,,No,"Fire Suppression Systems--Installation, Servicing or Repair",,,,,No,
94404,,No,Fireproofing--Structures,,,,,No,
94444,,No,Contractors,,,,,No,
94569,,No,Floor Covering Installation--Not Ceramic Tile or Stone,,,,,No,
94590,,No,Floor Waxing,,,,,No,
94617,,No,"Freight Forwarders or Handlers--Other Than Packing, Handling or Shipping Explosives or Ammunition under Contract",,,,,No,
94638,,No,"Freight Forwarders or Handlers--Packing, Handling or Shipping Explosives or Ammunition under Contract",,,,,No,
95124,,No,Furniture or Fixtures--Installation in Offices or Stores--Portable--Metal or Wood,,,,,No,
95233,,No,"Garbage, Ash or Refuse Collecting",,,,,No,
95305,,No,Gas Companies,,,,,No,
95306,,No,Gas Companies--Natural Gas--Local Distribution,,,,,No,
95310,,No,Gas Mains or Connections Construction,,,,,No,
95357,,No,Geophysical Exploration--Other,,,,,No,
95358,,No,Geophysical Exploration--Seismic Method,,,,,No,
95410,,No,Grading of Land,,,,,No,
95455,,No,Grain Elevator Operations,,,,,No,
95487,,No,Greenhouse Erection,,,,,No,
95505,,No,Guniting or Shot-Crete,,,,,No,
95620,,No,Gunsmiths,,,,,No,
95625,,No,Handyperson,,,,,No,
95630,,No,Hazardous Material Contractors,,,,,No,
95647,,No,"Heating or Combined Heating and Air Conditioning Systems or Equipment--Dealers or Distributors and Installation, Servicing or Repair--No Liquefied Petroleum Gas (LPG) Equipment Sales or Work",,,,,No,
95648,,No,"Heating or Combined Heating and Air Conditioning Systems or Equipment--Dealers or Distributors and Installation, Servicing or Repair",,,,,No,
96053,,No,House Furnishings Installation,,,,,No,
96317,,No,Inspection and Appraisal Companies--Inspecting for Insurance or Valuation Purposes,,,,,No,
96408,,No,Insulation Work--Plastic,,,,,No,
96409,,No,Insulation Work--Organic or Plastic in Solid State,,,,,No,
96410,,No,Insulation Work--Mineral,,,,,No,
96611,,No,Interior Decorators,,,,,No,
96702,,No,Irrigation or Drainage System Construction,,,,,No,
96703,,No,Irrigation Works Operations,,,,,No,
96816,,No,Janitorial Services,,,,,No,
96872,,No,Jetty or Breakwater Construction,,,,,No,
96930,,No,Web Site Designers,,,,,No,
97002,,No,"Laboratories--Research, Development or Testing--Other Than Not-For-Profit",,,,,No,
97003,,No,"Laboratories--Research, Development or Testing--Not-For-Profit Only",,,,,No,
97047,,No,Landscape Gardening,,,,,No,
97050,,No,Lawn Care Services,,,,,No,
97111,,No,Logging and Lumbering,,,,,No,
97220,,No,Machine Shops,,,,,No,
97221,,No,"Machinery or Equipment--Farm--Installation, Servicing, Repair or Erection",,,,,No,
97222,,No,"Machinery or Equipment--Industrial--Installation, Servicing or Repair",,,,,No,
97223,,No,"Machinery or Equipment--Installation, Servicing or Repair",,,,,No,
97308,,No,Marine Appraisers or Surveyors,,,,,No,
97447,,No,Masonry,,,,,No,
97650,,No,Metal Erection--Decorative or Artistic,,,,,No,
97651,,No,Metal Erection--Frame Structures Iron Work on Outside of Buildings,,,,,No,
97652,,No,Metal Erection--In the Construction of Dwellings Not Exceeding 2 Stories in Height,,,,,No,
97653,,No,Metal Erection--Nonstructural,,,,,No,
97654,,No,"Metal Erection--Steel Lock Gates, Gasholders, Standpipes, Water Towers, Smokestacks, Tanks, Silos, Prison Cells, Fire or Burglarproof Vaults",,,,,No,
97655,,No,Metal Erection--Structural,,,,,No,
98002,,No,Mining,,,,,No,
98003,,No,Mining--Surface,,,,,No,
98090,,No,"Motion Pictures--Development of Negatives, Printing and All Subsequent Operations",,,,,No,
98091,,No,Motion Pictures--Film Distribution or Exchanges--Not Located at Motion Picture Studios,,,,,No,
98092,,No,Motion Pictures--Production--Studios or Outside--All Operations Prior to the Development of Negatives,,,,,No,
98111,,No,"Office Machines or Appliances--Installation, Inspection, Adjustment or Repair",,,,,No,
98150,,No,Oil or Natural Gas Lease Operations,,,,,No,
98151,,No,"Oil or Gas Lease Operations--Natural Gas--within the Limits of Any Town or City on the Right-Of-Way of Any Railroad or in Any Ocean, Gulf or Bay",,,,,No,
98152,,No,Oil or Gas Lease Work by Contractors--Not Lease Operation,,,,,No,
98153,,No,Oil or Gas Wells--Acidizing,,,,,No,
98154,,No,Oil or Gas Wells--Cementing,,,,,No,
98155,,No,Oil or Gas Wells--Cleaning or Swabbing by Contractors,,,,,No,
98156,,No,"Oil or Gas Wells--Cleaning or Swabbing by Contractors--within the Limits of Any Town or City, on the Right-Of-Way of Any Railroad or in Any Ocean, Gulf or Bay",,,,,No,
98157,,No,"Oil or Gas Wells--Drilling or Redrilling, Installation or Recovery of Casing",,,,,No,
98158,,No,"Oil or Gas Wells--Drilling or Redrilling, Installation or Recovery of Casing--within the Limits of Any Town or City, on the Right-Of-Way of Any Railroad or in Any Ocean, Gulf or Bay",,,,,No,
98159,,No,Oil or Gas Wells--Instrument Logging or Survey Work in Wells,,,,,No,
98160,,No,Oil or Gas Wells--Perforating of Casing,,,,,No,
98161,,No,Oil or Gas Wells--Servicing--By Contractors,,,,,No,
98162,,No,Oil or Gas Wells--Shooting,,,,,No,
98163,,No,Oil Rig or Derrick Erecting or Dismantling--Wood or Metal,,,,,No,
98164,,No,Oil Still Erection or Repair,,,,,No,
98257,,No,Orchards and Vineyards--Operation by Contractors,,,,,No,
98303,,No,Painting--Exterior--Buildings or Structures--Exceeding Three Stories in Height,,,,,No,
98304,,No,Painting--Exterior--Buildings or Structures--Three Stories or Less in Height,,,,,No,
98305,,No,Painting--Interior--Buildings or Structures,,,,,No,
98306,,No,Painting--Oil or Gasoline Tanks,,,,,No,
98307,,No,Painting--Ship Hulls,,,,,No,
98308,,No,Painting--Shop Only,,,,,No,
98309,,No,Painting--Steel Structures or Bridges,,,,,No,
98344,,No,Paperhanging,,,,,No,
98405,,No,Piano Tuning,,,,,No,
98413,,No,Pile Driving--Building Foundation Only,,,,,No,
98414,,No,Pile Driving--Other,,,,,No,
98415,,No,Pile Driving--Sonic Method,,,,,No,
98423,,No,Pipeline Construction--Gas,,,,,No,
98424,,No,Pipeline Construction--Other,,,,,No,
98425,,No,Pipeline Construction--Oil,,,,,No,
98426,,No,Pipeline Construction--Slurry--Nonflammable Mixtures,,,,,No,
98427,,No,Pipelines--Operation--Gas,,,,,No,
98428,,No,Pipelines--Operation--Other,,,,,No,
98429,,No,Pipelines--Operation--Oil,,,,,No,
98430,,No,Pipelines--Operation--Slurry--Nonflammable Mixtures,,,,,No,
98449,,No,Plastering or Stucco Work,,,,,No,
98482,,No,Plumbing--Commercial and Industrial,,,,,No,
98483,,No,Plumbing--Residential or Domestic,,,,,No,
98502,,No,Prefabricated Building Erection,,,,,No,
98555,,No,Quarries,,,,,No,
98597,,No,Radio or TV Broadcasting Stations--Other Than Not-For-Profit,,,,,No,
98598,,No,Radio or TV Broadcasting Stations--Not-For-Profit Only,,,,,No,
98601,,No,Railroad Construction,,,,,No,
98622,,No,Railroads--Operation and Maintenance--with BI Passenger Hazard,,,,,No,
98623,,No,Railroads--Operation and Maintenance--without BI Passenger Hazard,,,,,No,
98624,,No,Railroads--Shop Operation and Maintenance,,,,,No,
98636,,No,"Refrigeration Systems or Equipment--Dealers and Distributors and Installation, Servicing or Repair--Commercial",,,,,No,
98640,,No,Renovating--Outside Surfaces of Buildings,,,,,No,
98658,,No,Rigging--Not Ship or Boat,,,,,No,
98659,,No,Rigging--Ship or Boat,,,,,No,
98677,,No,Roofing--Commercial or Residential Over Three Stories,,,,,No,
98678,,No,Roofing--Residential--Three Stories & Under,,,,,No,
98698,,No,Salvage Operations,,,,,No,
98699,,No,"Salvage Operations--Removing, Sorting, Reconditioning and Distributing of Merchandise in Damaged",,,,,No,
98705,,No,Sandblasting,,,,,No,
98710,,No,Sand or Gravel Digging,,,,,No,
98751,,No,Security and Patrol Agencies,,,,,No,
98806,,No,"Septic Tank Systems--Installation, Servicing or Repair",,,,,No,
98810,,No,Sewage Disposal--Plant Operations,,,,,No,
98813,,No,Sewer Cleaning,,,,,No,
98820,,No,Sewer Mains or Connections Construction,,,,,No,
98871,,No,Shaft Sinking,,,,,No,
98884,,No,Sheet Metal Work--Outside,,,,,No,
98914,,No,Ship Ceiling or Scaling,,,,,No,
98949,,No,Ship Repair or Conversion,,,,,No,
98967,,No,Siding Installation,,,,,No,
98993,,No,"Sign Erection, Installation or Repair",,,,,No,
99003,,No,Sign Painting or Lettering--Inside of Buildings,,,,,No,
99004,,No,Sign Painting or Lettering--on Buildings or Structures,,,,,No,
99080,,No,Solar Energy Contractors,,,,,No,
99111,,No,"Stables--Boarding, Livery or Racing",,,,,No,
99160,,No,Steam Heating or Steam Power Companies,,,,,No,
99163,,No,Steam Mains or Connections Construction,,,,,No,
99165,,No,Steam Pipe or Boiler Insulation,,,,,No,
99220,,No,Stevedoring--By Hand or by Means of Hand Trucks Exclusively--No Hoisting of Cargo,,,,,No,
99221,,No,Stevedoring--Handling Explosives or Ammunition--under Contract,,,,,No,
99222,,No,Stevedoring,,,,,No,
99223,,No,Stevedoring--Tallyers or Checking Clerks Engaged in Connection with Stevedoring Work,,,,,No,
99303,,No,Street Cleaning,,,,,No,
99310,,No,Snow & Ice Removal--Contractor,,,,,No,
99315,,No,Street or Road Construction or Reconstruction,,,,,No,
99321,,No,"Street or Road Paving or Repaving, Surfacing or Resurfacing or Scraping",,,,,No,
99471,,No,Surveyors--Land--Not Engaged in Actual Construction,,,,,No,
99505,,No,Swimming Pool Servicing,,,,,No,
99506,,No,"Swimming Pools--Installation, Servicing or Repair--Above Ground",,,,,No,
99507,,No,"Swimming Pools--Installation, Servicing or Repair--Below Ground",,,,,No,
99570,,No,"Tank Construction, Installation, Erection or Repair--Metal--Not Pressurized",,,,,No,
99571,,No,"Tank Construction, Installation, Erection or Repair--Metal--Pressurized",,,,,No,
99572,,No,"Tank Construction, Installation, Erection or Repair--Metal--Not Pressurized--within Buildings Exclusively",,,,,No,
99573,,No,"Tank Construction, Installation, Erection or Repair--Metal--Pressurized--within Buildings Exclusively",,,,,No,
99600,,No,Telecommunications Service Providers,,,,,No,
99613,,No,"Telephone, Telegraph or Cable Television Line Construction",,,,,No,
99614,,No,Telegraph Companies,,,,,No,
99620,,No,Teleproduction Studios,,,,,No,
99650,,No,Television or Radio Receiving Set Installation or Repair,,,,,No,
99709,,No,"Tent or Canvas Goods--Erection, Removal or Repair--Away from Shop",,,,,No,
99718,,No,Theatrical Companies--Traveling,,,,,No,
99746,,No,"Tile, Stone, Marble, Mosaic or Terrazzo Work--Interior Construction",,,,,No,
99760,,No,Tobacco Rehandling or Warehousing,,,,,No,
99777,,No,"Tree Pruning, Dusting, Spraying, Repairing, Trimming or Fumigating",,,,,No,
99793,,No,Truckers,,,,,No,
99798,,No,Tunneling,,,,,No,
99803,,No,Underpinning Buildings or Structures,,,,,No,
99826,,No,Upholstering,,,,,No,
99827,,No,Upholstering--Shop Only,,,,,No,
99851,,No,Veterinarian or Veterinary Hospitals,,,,,No,
99917,,No,Warehouse--Cold Storage--Public,,,,,No,
99938,,No,Warehouses,,,,,No,
99943,,No,Water Companies,,,,,No,
99946,,No,Water Mains or Connections Construction,,,,,No,
99948,,No,"Water Softening Equipment--Installation, Servicing or Repair",,,,,No,
99952,,No,Waterproofing--By Pressure Apparatus,,,,,No,
99953,,No,Waterproofing--By Trowel--Exterior,,,,,No,
99954,,No,Waterproofing--By Trowel--Interior or Insulation Work,,,,,No,
99955,,No,Waterproofing,,,,,No,
99963,,No,"Weighers, Samplers or Inspectors of Merchandise--on Vessels or Docks or at Railway Stations or Warehouses",,,,,No,
99969,,No,Welding or Cutting,,,,,No,
99975,,No,Window Cleaning,,,,,No,
99986,,No,Wrecking--Buildings or Structures,,,,,No,
99987,,No,Wrecking--Dismantling of Prefabricated Dwellings Not Exceeding Three Stories for Reerection,,,,,No,
99988,,No,Wrecking--Marine,,,,,No,
441105,,No,"Governmental: Municipalities--Population 100,001-250,000",,,,,No,